{
  "timestamp": "2025-10-23 13:48:56",
  "overall_metrics": {
    "mean_auc": 0.6099814343818195,
    "mean_accuracy": 0.8059604794298673,
    "mean_precision": 0.3083464154892726,
    "mean_recall": 0.18796319727192476,
    "mean_f1": 0.21138526947286662
  },
  "per_class_metrics": {
    "No Finding": {
      "auc": 0.6645652744943525,
      "accuracy": 0.9591836734693877,
      "precision": 0.0,
      "recall": 0.0,
      "f1": 0.0
    },
    "Enlarged Cardiomediastinum": {
      "auc": 0.092255125284738,
      "accuracy": 0.9954648526077098,
      "precision": 0.0,
      "recall": 0.0,
      "f1": 0.0
    },
    "Cardiomegaly": {
      "auc": 0.7074846747083251,
      "accuracy": 0.8752834467120182,
      "precision": 0.2857142857142857,
      "recall": 0.038461538461538464,
      "f1": 0.06779661016949153
    },
    "Lung Lesion": {
      "auc": 0.6033411033411034,
      "accuracy": 0.9727891156462585,
      "precision": 0.0,
      "recall": 0.0,
      "f1": 0.0
    },
    "Lung Opacity": {
      "auc": 0.6362463343108504,
      "accuracy": 0.7687074829931972,
      "precision": 0.46153846153846156,
      "recall": 0.12,
      "f1": 0.19047619047619047
    },
    "Edema": {
      "auc": 0.6476754532310088,
      "accuracy": 0.7619047619047619,
      "precision": 0.5454545454545454,
      "recall": 0.16666666666666666,
      "f1": 0.2553191489361702
    },
    "Consolidation": {
      "auc": 0.6172870518383192,
      "accuracy": 0.6190476190476191,
      "precision": 0.42857142857142855,
      "recall": 0.33774834437086093,
      "f1": 0.37777777777777777
    },
    "Pneumonia": {
      "auc": 0.5718133271418621,
      "accuracy": 0.6462585034013606,
      "precision": 0.42424242424242425,
      "recall": 0.1917808219178082,
      "f1": 0.2641509433962264
    },
    "Atelectasis": {
      "auc": 0.7107762777242044,
      "accuracy": 0.7097505668934241,
      "precision": 0.5454545454545454,
      "recall": 0.35294117647058826,
      "f1": 0.42857142857142855
    },
    "Pneumothorax": {
      "auc": 0.7416587814209897,
      "accuracy": 0.6757369614512472,
      "precision": 0.6515151515151515,
      "recall": 0.7713004484304933,
      "f1": 0.7063655030800822
    },
    "Pleural Effusion": {
      "auc": 0.5101200974216847,
      "accuracy": 0.5034013605442177,
      "precision": 0.4358974358974359,
      "recall": 0.5396825396825397,
      "f1": 0.48226950354609927
    },
    "Pleural Other": {
      "auc": 0.6458715596330276,
      "accuracy": 0.9886621315192744,
      "precision": 0.0,
      "recall": 0.0,
      "f1": 0.0
    },
    "Fracture": {
      "auc": 0.5756394884092726,
      "accuracy": 0.9455782312925171,
      "precision": 0.0,
      "recall": 0.0,
      "f1": 0.0
    },
    "Support Devices": {
      "auc": 0.815005532385735,
      "accuracy": 0.8616780045351474,
      "precision": 0.5384615384615384,
      "recall": 0.11290322580645161,
      "f1": 0.18666666666666668
    }
  }
}