{
  "timestamp": "2025-10-23 14:03:54",
  "overall_metrics": {
    "mean_auc": 0.6268149565403175,
    "mean_accuracy": 0.8095238095238095,
    "mean_precision": 0.3144949313627913,
    "mean_recall": 0.21142469557523627,
    "mean_f1": 0.2366608724598695
  },
  "per_class_metrics": {
    "No Finding": {
      "auc": 0.6954294720252168,
      "accuracy": 0.9591836734693877,
      "precision": 0.0,
      "recall": 0.0,
      "f1": 0.0
    },
    "Enlarged Cardiomediastinum": {
      "auc": 0.24601366742596809,
      "accuracy": 0.9954648526077098,
      "precision": 0.0,
      "recall": 0.0,
      "f1": 0.0
    },
    "Cardiomegaly": {
      "auc": 0.6876606683804627,
      "accuracy": 0.873015873015873,
      "precision": 0.3,
      "recall": 0.057692307692307696,
      "f1": 0.0967741935483871
    },
    "Lung Lesion": {
      "auc": 0.653846153846154,
      "accuracy": 0.9727891156462585,
      "precision": 0.0,
      "recall": 0.0,
      "f1": 0.0
    },
    "Lung Opacity": {
      "auc": 0.6392375366568915,
      "accuracy": 0.7777777777777778,
      "precision": 0.55,
      "recall": 0.11,
      "f1": 0.18333333333333332
    },
    "Edema": {
      "auc": 0.6407796685574464,
      "accuracy": 0.7505668934240363,
      "precision": 0.4722222222222222,
      "recall": 0.1574074074074074,
      "f1": 0.2361111111111111
    },
    "Consolidation": {
      "auc": 0.6311943366065311,
      "accuracy": 0.6507936507936508,
      "precision": 0.4888888888888889,
      "recall": 0.4370860927152318,
      "f1": 0.46153846153846156
    },
    "Pneumonia": {
      "auc": 0.5541444160668678,
      "accuracy": 0.6281179138321995,
      "precision": 0.3548387096774194,
      "recall": 0.1506849315068493,
      "f1": 0.21153846153846154
    },
    "Atelectasis": {
      "auc": 0.7491080038572806,
      "accuracy": 0.7437641723356009,
      "precision": 0.6210526315789474,
      "recall": 0.4338235294117647,
      "f1": 0.5108225108225108
    },
    "Pneumothorax": {
      "auc": 0.7457728226436828,
      "accuracy": 0.6893424036281179,
      "precision": 0.6822033898305084,
      "recall": 0.7219730941704036,
      "f1": 0.7015250544662309
    },
    "Pleural Effusion": {
      "auc": 0.4754976064499874,
      "accuracy": 0.49206349206349204,
      "precision": 0.4074074074074074,
      "recall": 0.4074074074074074,
      "f1": 0.4074074074074074
    },
    "Pleural Other": {
      "auc": 0.5807339449541284,
      "accuracy": 0.9886621315192744,
      "precision": 0.0,
      "recall": 0.0,
      "f1": 0.0
    },
    "Fracture": {
      "auc": 0.6495803357314148,
      "accuracy": 0.9455782312925171,
      "precision": 0.0,
      "recall": 0.0,
      "f1": 0.0
    },
    "Support Devices": {
      "auc": 0.8264107583624138,
      "accuracy": 0.8662131519274376,
      "precision": 0.5263157894736842,
      "recall": 0.4838709677419355,
      "f1": 0.5042016806722689
    }
  }
}