{
  "model": "ResNet-50",
  "train_losses": [
    0.4086375617318683,
    0.3848380721691582,
    0.37736203283485437,
    0.3699162901482648,
    0.34935253651605713,
    0.3354757397125165,
    0.3198623715692924,
    0.28442725104590255,
    0.2647199782853325,
    0.24336950004928642
  ],
  "val_losses": [
    0.40916004218161106,
    0.41321717016398907,
    0.4117854693904519,
    0.41565056424587965,
    0.4152038162574172,
    0.4296707035973668,
    0.4553029155358672,
    0.45955066569149494,
    0.4766226951032877,
    0.49916170258075
  ],
  "val_aucs": [
    0.6565951820824808,
    0.6541308873052337,
    0.6717853683745275,
    0.6693269218066596,
    0.6792166667566792,
    0.6653426812734917,
    0.6715976185454448,
    0.6632973516965948,
    0.6569399627444187,
    0.6524385946950974
  ],
  "best_auc": 0.6792166667566792,
  "best_epoch": 5,
  "total_parameters": 23536718,
  "timestamp": "2025-10-23 00:50:02"
}