{
  "train_losses": [
    0.42767360837509233,
    0.3837731261220243,
    0.3743156895248426,
    0.3640823196619749,
    0.3537512625464135,
    0.34284447599202394,
    0.3179393176817232,
    0.301588527030415,
    0.2874125056486163,
    0.2626203035728799
  ],
  "val_losses": [
    0.41002199705690145,
    0.41039432492107153,
    0.4051674762740731,
    0.4104200592264533,
    0.4210041556507349,
    0.41423304565250874,
    0.4149185251444578,
    0.4321615546941757,
    0.4351789904758334,
    0.4417576203122735
  ],
  "val_aucs": [
    0.6435794432268068,
    0.6673746572141782,
    0.6666582669660729,
    0.6813341405881179,
    0.6751692319121085,
    0.6693206622874447,
    0.6722954318235431,
    0.6629699144668857,
    0.6652846403080586,
    0.6594173638818732
  ],
  "best_auc": 0.6813341405881179,
  "best_epoch": 4,
  "timestamp": "2025-10-22 16:47:07"
}